dataset,model,n_attacks,aux_cols,n_neighbors,gt_baseline,risk_value,risk_ci_lwr,risk_ci_upr
ego-facebook,edge,-1,"(['avg_clustering'], ['avg_deg', 'avg_shortest_path_len', 'deg_assortativity_coef', 'diameter', 'n_nodes', 'radius', 'transitivity'])",1,False,0.0,0.0,0.4093
ego-facebook,grum,-1,"(['avg_clustering'], ['avg_deg', 'avg_shortest_path_len', 'deg_assortativity_coef', 'diameter', 'n_nodes', 'radius', 'transitivity'])",1,False,0.0,0.0,0.4093
ego-facebook,edge,-1,"(['avg_clustering'], ['avg_deg', 'avg_shortest_path_len', 'deg_assortativity_coef', 'diameter', 'n_nodes', 'radius', 'transitivity'])",2,False,0.0,0.0,0.4093
ego-facebook,grum,-1,"(['avg_clustering'], ['avg_deg', 'avg_shortest_path_len', 'deg_assortativity_coef', 'diameter', 'n_nodes', 'radius', 'transitivity'])",2,True,0.0,0.0,0.521
ego-facebook,edge,-1,"(['avg_clustering'], ['avg_deg', 'avg_shortest_path_len', 'deg_assortativity_coef', 'diameter', 'n_nodes', 'radius', 'transitivity'])",3,False,0.0,0.0,0.4093
ego-facebook,grum,-1,"(['avg_clustering'], ['avg_deg', 'avg_shortest_path_len', 'deg_assortativity_coef', 'diameter', 'n_nodes', 'radius', 'transitivity'])",3,True,0.0034,0.0,0.6263
ego-facebook,edge,-1,"(['avg_clustering'], ['avg_deg', 'avg_shortest_path_len', 'deg_assortativity_coef', 'diameter', 'n_nodes', 'radius', 'transitivity'])",4,False,0.0,0.0,0.4093
ego-facebook,grum,-1,"(['avg_clustering'], ['avg_deg', 'avg_shortest_path_len', 'deg_assortativity_coef', 'diameter', 'n_nodes', 'radius', 'transitivity'])",4,False,0.0034,0.0,0.6263
ego-facebook,edge,-1,"(['avg_clustering'], ['avg_deg', 'avg_shortest_path_len', 'deg_assortativity_coef', 'diameter', 'n_nodes', 'radius', 'transitivity'])",5,False,0.0,0.0,0.521
ego-facebook,grum,-1,"(['avg_clustering'], ['avg_deg', 'avg_shortest_path_len', 'deg_assortativity_coef', 'diameter', 'n_nodes', 'radius', 'transitivity'])",5,False,0.0034,0.0,0.6263
ego-facebook,edge,-1,"(['avg_clustering', 'avg_deg'], ['avg_shortest_path_len', 'deg_assortativity_coef', 'diameter', 'n_nodes', 'radius', 'transitivity'])",1,False,0.0,0.0,0.4093
ego-facebook,grum,-1,"(['avg_clustering', 'avg_deg'], ['avg_shortest_path_len', 'deg_assortativity_coef', 'diameter', 'n_nodes', 'radius', 'transitivity'])",1,True,0.0034,0.0,0.6263
ego-facebook,edge,-1,"(['avg_clustering', 'avg_deg'], ['avg_shortest_path_len', 'deg_assortativity_coef', 'diameter', 'n_nodes', 'radius', 'transitivity'])",2,False,0.0,0.0,0.4093
ego-facebook,grum,-1,"(['avg_clustering', 'avg_deg'], ['avg_shortest_path_len', 'deg_assortativity_coef', 'diameter', 'n_nodes', 'radius', 'transitivity'])",2,True,0.1292,0.0,0.7245
ego-facebook,edge,-1,"(['avg_clustering', 'avg_deg'], ['avg_shortest_path_len', 'deg_assortativity_coef', 'diameter', 'n_nodes', 'radius', 'transitivity'])",3,True,0.0,0.0,0.521
ego-facebook,grum,-1,"(['avg_clustering', 'avg_deg'], ['avg_shortest_path_len', 'deg_assortativity_coef', 'diameter', 'n_nodes', 'radius', 'transitivity'])",3,True,0.3809,0.0,0.8951
ego-facebook,edge,-1,"(['avg_clustering', 'avg_deg'], ['avg_shortest_path_len', 'deg_assortativity_coef', 'diameter', 'n_nodes', 'radius', 'transitivity'])",4,True,0.0,0.0,0.521
ego-facebook,grum,-1,"(['avg_clustering', 'avg_deg'], ['avg_shortest_path_len', 'deg_assortativity_coef', 'diameter', 'n_nodes', 'radius', 'transitivity'])",4,True,0.5067,0.0506,0.9628
ego-facebook,edge,-1,"(['avg_clustering', 'avg_deg'], ['avg_shortest_path_len', 'deg_assortativity_coef', 'diameter', 'n_nodes', 'radius', 'transitivity'])",5,False,0.0034,0.0,0.6263
ego-facebook,grum,-1,"(['avg_clustering', 'avg_deg'], ['avg_shortest_path_len', 'deg_assortativity_coef', 'diameter', 'n_nodes', 'radius', 'transitivity'])",5,True,0.5067,0.0506,0.9628
ego-facebook,edge,-1,"(['avg_clustering', 'avg_deg', 'avg_shortest_path_len'], ['deg_assortativity_coef', 'diameter', 'n_nodes', 'radius', 'transitivity'])",1,True,0.0,0.0,0.9308
ego-facebook,grum,-1,"(['avg_clustering', 'avg_deg', 'avg_shortest_path_len'], ['deg_assortativity_coef', 'diameter', 'n_nodes', 'radius', 'transitivity'])",1,True,0.0,0.0,0.521
ego-facebook,edge,-1,"(['avg_clustering', 'avg_deg', 'avg_shortest_path_len'], ['deg_assortativity_coef', 'diameter', 'n_nodes', 'radius', 'transitivity'])",2,True,0.0,0.0,0.991
ego-facebook,grum,-1,"(['avg_clustering', 'avg_deg', 'avg_shortest_path_len'], ['deg_assortativity_coef', 'diameter', 'n_nodes', 'radius', 'transitivity'])",2,True,0.2551,0.0,0.8147
ego-facebook,edge,-1,"(['avg_clustering', 'avg_deg', 'avg_shortest_path_len'], ['deg_assortativity_coef', 'diameter', 'n_nodes', 'radius', 'transitivity'])",3,True,0.1689,0.0,1.0
ego-facebook,grum,-1,"(['avg_clustering', 'avg_deg', 'avg_shortest_path_len'], ['deg_assortativity_coef', 'diameter', 'n_nodes', 'radius', 'transitivity'])",3,True,0.2551,0.0,0.8147
ego-facebook,edge,-1,"(['avg_clustering', 'avg_deg', 'avg_shortest_path_len'], ['deg_assortativity_coef', 'diameter', 'n_nodes', 'radius', 'transitivity'])",4,True,0.3378,0.0,1.0
ego-facebook,grum,-1,"(['avg_clustering', 'avg_deg', 'avg_shortest_path_len'], ['deg_assortativity_coef', 'diameter', 'n_nodes', 'radius', 'transitivity'])",4,True,0.5067,0.0506,0.9628
ego-facebook,edge,-1,"(['avg_clustering', 'avg_deg', 'avg_shortest_path_len'], ['deg_assortativity_coef', 'diameter', 'n_nodes', 'radius', 'transitivity'])",5,True,0.3378,0.0,1.0
ego-facebook,grum,-1,"(['avg_clustering', 'avg_deg', 'avg_shortest_path_len'], ['deg_assortativity_coef', 'diameter', 'n_nodes', 'radius', 'transitivity'])",5,True,0.7583,0.4892,1.0
ego-facebook,edge,-1,"(['avg_clustering', 'avg_deg', 'avg_shortest_path_len', 'deg_assortativity_coef'], ['diameter', 'n_nodes', 'radius', 'transitivity'])",1,True,0.2551,0.0,0.8147
ego-facebook,grum,-1,"(['avg_clustering', 'avg_deg', 'avg_shortest_path_len', 'deg_assortativity_coef'], ['diameter', 'n_nodes', 'radius', 'transitivity'])",1,True,0.0034,0.0,0.6263
ego-facebook,edge,-1,"(['avg_clustering', 'avg_deg', 'avg_shortest_path_len', 'deg_assortativity_coef'], ['diameter', 'n_nodes', 'radius', 'transitivity'])",2,True,0.2551,0.0,0.8147
ego-facebook,grum,-1,"(['avg_clustering', 'avg_deg', 'avg_shortest_path_len', 'deg_assortativity_coef'], ['diameter', 'n_nodes', 'radius', 'transitivity'])",2,True,0.2551,0.0,0.8147
ego-facebook,edge,-1,"(['avg_clustering', 'avg_deg', 'avg_shortest_path_len', 'deg_assortativity_coef'], ['diameter', 'n_nodes', 'radius', 'transitivity'])",3,True,0.2551,0.0,0.8147
ego-facebook,grum,-1,"(['avg_clustering', 'avg_deg', 'avg_shortest_path_len', 'deg_assortativity_coef'], ['diameter', 'n_nodes', 'radius', 'transitivity'])",3,True,0.2551,0.0,0.8147
ego-facebook,edge,-1,"(['avg_clustering', 'avg_deg', 'avg_shortest_path_len', 'deg_assortativity_coef'], ['diameter', 'n_nodes', 'radius', 'transitivity'])",4,True,0.2551,0.0,0.8147
ego-facebook,grum,-1,"(['avg_clustering', 'avg_deg', 'avg_shortest_path_len', 'deg_assortativity_coef'], ['diameter', 'n_nodes', 'radius', 'transitivity'])",4,True,0.3809,0.0,0.8951
ego-facebook,edge,-1,"(['avg_clustering', 'avg_deg', 'avg_shortest_path_len', 'deg_assortativity_coef'], ['diameter', 'n_nodes', 'radius', 'transitivity'])",5,True,0.3809,0.0,0.8951
ego-facebook,grum,-1,"(['avg_clustering', 'avg_deg', 'avg_shortest_path_len', 'deg_assortativity_coef'], ['diameter', 'n_nodes', 'radius', 'transitivity'])",5,True,0.3809,0.0,0.8951
ego-facebook,edge,-1,"(['avg_clustering', 'avg_deg', 'avg_shortest_path_len', 'deg_assortativity_coef', 'diameter'], ['n_nodes', 'radius', 'transitivity'])",1,True,0.0,0.0,0.9308
ego-facebook,grum,-1,"(['avg_clustering', 'avg_deg', 'avg_shortest_path_len', 'deg_assortativity_coef', 'diameter'], ['n_nodes', 'radius', 'transitivity'])",1,True,0.0034,0.0,0.6263
ego-facebook,edge,-1,"(['avg_clustering', 'avg_deg', 'avg_shortest_path_len', 'deg_assortativity_coef', 'diameter'], ['n_nodes', 'radius', 'transitivity'])",2,True,0.0,0.0,0.9308
ego-facebook,grum,-1,"(['avg_clustering', 'avg_deg', 'avg_shortest_path_len', 'deg_assortativity_coef', 'diameter'], ['n_nodes', 'radius', 'transitivity'])",2,True,0.2551,0.0,0.8147
ego-facebook,edge,-1,"(['avg_clustering', 'avg_deg', 'avg_shortest_path_len', 'deg_assortativity_coef', 'diameter'], ['n_nodes', 'radius', 'transitivity'])",3,True,0.0,0.0,0.9308
ego-facebook,grum,-1,"(['avg_clustering', 'avg_deg', 'avg_shortest_path_len', 'deg_assortativity_coef', 'diameter'], ['n_nodes', 'radius', 'transitivity'])",3,True,0.2551,0.0,0.8147
ego-facebook,edge,-1,"(['avg_clustering', 'avg_deg', 'avg_shortest_path_len', 'deg_assortativity_coef', 'diameter'], ['n_nodes', 'radius', 'transitivity'])",4,True,0.0,0.0,0.991
ego-facebook,grum,-1,"(['avg_clustering', 'avg_deg', 'avg_shortest_path_len', 'deg_assortativity_coef', 'diameter'], ['n_nodes', 'radius', 'transitivity'])",4,True,0.3809,0.0,0.8951
ego-facebook,edge,-1,"(['avg_clustering', 'avg_deg', 'avg_shortest_path_len', 'deg_assortativity_coef', 'diameter'], ['n_nodes', 'radius', 'transitivity'])",5,True,0.3378,0.0,1.0
ego-facebook,grum,-1,"(['avg_clustering', 'avg_deg', 'avg_shortest_path_len', 'deg_assortativity_coef', 'diameter'], ['n_nodes', 'radius', 'transitivity'])",5,True,0.3809,0.0,0.8951
ego-facebook,edge,-1,"(['avg_clustering', 'avg_deg', 'avg_shortest_path_len', 'deg_assortativity_coef', 'diameter', 'n_nodes'], ['radius', 'transitivity'])",1,True,0.0,0.0,0.7948
ego-facebook,grum,-1,"(['avg_clustering', 'avg_deg', 'avg_shortest_path_len', 'deg_assortativity_coef', 'diameter', 'n_nodes'], ['radius', 'transitivity'])",1,False,0.0,0.0,0.4093
ego-facebook,edge,-1,"(['avg_clustering', 'avg_deg', 'avg_shortest_path_len', 'deg_assortativity_coef', 'diameter', 'n_nodes'], ['radius', 'transitivity'])",2,False,0.0,0.0,1.0
ego-facebook,grum,-1,"(['avg_clustering', 'avg_deg', 'avg_shortest_path_len', 'deg_assortativity_coef', 'diameter', 'n_nodes'], ['radius', 'transitivity'])",2,False,0.0,0.0,0.4093
ego-facebook,edge,-1,"(['avg_clustering', 'avg_deg', 'avg_shortest_path_len', 'deg_assortativity_coef', 'diameter', 'n_nodes'], ['radius', 'transitivity'])",3,True,0.0,0.0,1.0
ego-facebook,grum,-1,"(['avg_clustering', 'avg_deg', 'avg_shortest_path_len', 'deg_assortativity_coef', 'diameter', 'n_nodes'], ['radius', 'transitivity'])",3,False,0.0,0.0,0.521
ego-facebook,edge,-1,"(['avg_clustering', 'avg_deg', 'avg_shortest_path_len', 'deg_assortativity_coef', 'diameter', 'n_nodes'], ['radius', 'transitivity'])",4,True,0.0,0.0,1.0
ego-facebook,grum,-1,"(['avg_clustering', 'avg_deg', 'avg_shortest_path_len', 'deg_assortativity_coef', 'diameter', 'n_nodes'], ['radius', 'transitivity'])",4,True,0.1292,0.0,0.7245
ego-facebook,edge,-1,"(['avg_clustering', 'avg_deg', 'avg_shortest_path_len', 'deg_assortativity_coef', 'diameter', 'n_nodes'], ['radius', 'transitivity'])",5,True,0.0,0.0,1.0
ego-facebook,grum,-1,"(['avg_clustering', 'avg_deg', 'avg_shortest_path_len', 'deg_assortativity_coef', 'diameter', 'n_nodes'], ['radius', 'transitivity'])",5,True,0.2551,0.0,0.8147
ego-twitter,edge,-1,"(['avg_clustering'], ['avg_deg', 'avg_shortest_path_len', 'deg_assortativity_coef', 'diameter', 'n_nodes', 'radius', 'transitivity'])",1,True,0.0,0.0,0.0517
ego-twitter,grum,-1,"(['avg_clustering'], ['avg_deg', 'avg_shortest_path_len', 'deg_assortativity_coef', 'diameter', 'n_nodes', 'radius', 'transitivity'])",1,False,0.0,0.0,0.0489
ego-twitter,edge,-1,"(['avg_clustering'], ['avg_deg', 'avg_shortest_path_len', 'deg_assortativity_coef', 'diameter', 'n_nodes', 'radius', 'transitivity'])",2,True,0.0,0.0,0.0755
ego-twitter,grum,-1,"(['avg_clustering'], ['avg_deg', 'avg_shortest_path_len', 'deg_assortativity_coef', 'diameter', 'n_nodes', 'radius', 'transitivity'])",2,True,0.0,0.0,0.0898
ego-twitter,edge,-1,"(['avg_clustering'], ['avg_deg', 'avg_shortest_path_len', 'deg_assortativity_coef', 'diameter', 'n_nodes', 'radius', 'transitivity'])",3,True,0.0,0.0,0.2005
ego-twitter,grum,-1,"(['avg_clustering'], ['avg_deg', 'avg_shortest_path_len', 'deg_assortativity_coef', 'diameter', 'n_nodes', 'radius', 'transitivity'])",3,True,0.0,0.0,0.1312
ego-twitter,edge,-1,"(['avg_clustering'], ['avg_deg', 'avg_shortest_path_len', 'deg_assortativity_coef', 'diameter', 'n_nodes', 'radius', 'transitivity'])",4,True,0.0,0.0,0.2477
ego-twitter,grum,-1,"(['avg_clustering'], ['avg_deg', 'avg_shortest_path_len', 'deg_assortativity_coef', 'diameter', 'n_nodes', 'radius', 'transitivity'])",4,True,0.0,0.0,0.2422
ego-twitter,edge,-1,"(['avg_clustering'], ['avg_deg', 'avg_shortest_path_len', 'deg_assortativity_coef', 'diameter', 'n_nodes', 'radius', 'transitivity'])",5,True,0.0,0.0,0.3044
ego-twitter,grum,-1,"(['avg_clustering'], ['avg_deg', 'avg_shortest_path_len', 'deg_assortativity_coef', 'diameter', 'n_nodes', 'radius', 'transitivity'])",5,True,0.0,0.0,0.2899
ego-twitter,edge,-1,"(['avg_clustering', 'avg_deg'], ['avg_shortest_path_len', 'deg_assortativity_coef', 'diameter', 'n_nodes', 'radius', 'transitivity'])",1,False,0.0,0.0,0.0489
ego-twitter,grum,-1,"(['avg_clustering', 'avg_deg'], ['avg_shortest_path_len', 'deg_assortativity_coef', 'diameter', 'n_nodes', 'radius', 'transitivity'])",1,True,0.0,0.0,0.1039
ego-twitter,edge,-1,"(['avg_clustering', 'avg_deg'], ['avg_shortest_path_len', 'deg_assortativity_coef', 'diameter', 'n_nodes', 'radius', 'transitivity'])",2,True,0.0,0.0,0.1072
ego-twitter,grum,-1,"(['avg_clustering', 'avg_deg'], ['avg_shortest_path_len', 'deg_assortativity_coef', 'diameter', 'n_nodes', 'radius', 'transitivity'])",2,True,0.0,0.0,0.1866
ego-twitter,edge,-1,"(['avg_clustering', 'avg_deg'], ['avg_shortest_path_len', 'deg_assortativity_coef', 'diameter', 'n_nodes', 'radius', 'transitivity'])",3,True,0.0,0.0,0.203
ego-twitter,grum,-1,"(['avg_clustering', 'avg_deg'], ['avg_shortest_path_len', 'deg_assortativity_coef', 'diameter', 'n_nodes', 'radius', 'transitivity'])",3,True,0.0867,0.0,0.4152
ego-twitter,edge,-1,"(['avg_clustering', 'avg_deg'], ['avg_shortest_path_len', 'deg_assortativity_coef', 'diameter', 'n_nodes', 'radius', 'transitivity'])",4,True,0.0016,0.0,0.2556
ego-twitter,grum,-1,"(['avg_clustering', 'avg_deg'], ['avg_shortest_path_len', 'deg_assortativity_coef', 'diameter', 'n_nodes', 'radius', 'transitivity'])",4,True,0.0239,0.0,0.4703
ego-twitter,edge,-1,"(['avg_clustering', 'avg_deg'], ['avg_shortest_path_len', 'deg_assortativity_coef', 'diameter', 'n_nodes', 'radius', 'transitivity'])",5,True,0.0602,0.0,0.3357
ego-twitter,grum,-1,"(['avg_clustering', 'avg_deg'], ['avg_shortest_path_len', 'deg_assortativity_coef', 'diameter', 'n_nodes', 'radius', 'transitivity'])",5,True,0.0,0.0,0.5699
ego-twitter,edge,-1,"(['avg_clustering', 'avg_deg', 'avg_shortest_path_len'], ['deg_assortativity_coef', 'diameter', 'n_nodes', 'radius', 'transitivity'])",1,True,0.0,0.0,0.118
ego-twitter,grum,-1,"(['avg_clustering', 'avg_deg', 'avg_shortest_path_len'], ['deg_assortativity_coef', 'diameter', 'n_nodes', 'radius', 'transitivity'])",1,True,0.0,0.0,0.132
ego-twitter,edge,-1,"(['avg_clustering', 'avg_deg', 'avg_shortest_path_len'], ['deg_assortativity_coef', 'diameter', 'n_nodes', 'radius', 'transitivity'])",2,True,0.0,0.0,0.1762
ego-twitter,grum,-1,"(['avg_clustering', 'avg_deg', 'avg_shortest_path_len'], ['deg_assortativity_coef', 'diameter', 'n_nodes', 'radius', 'transitivity'])",2,True,0.0,0.0,0.1866
ego-twitter,edge,-1,"(['avg_clustering', 'avg_deg', 'avg_shortest_path_len'], ['deg_assortativity_coef', 'diameter', 'n_nodes', 'radius', 'transitivity'])",3,True,0.0844,0.0,0.2985
ego-twitter,grum,-1,"(['avg_clustering', 'avg_deg', 'avg_shortest_path_len'], ['deg_assortativity_coef', 'diameter', 'n_nodes', 'radius', 'transitivity'])",3,True,0.0,0.0,0.3289
ego-twitter,edge,-1,"(['avg_clustering', 'avg_deg', 'avg_shortest_path_len'], ['deg_assortativity_coef', 'diameter', 'n_nodes', 'radius', 'transitivity'])",4,True,0.0434,0.0,0.3218
ego-twitter,grum,-1,"(['avg_clustering', 'avg_deg', 'avg_shortest_path_len'], ['deg_assortativity_coef', 'diameter', 'n_nodes', 'radius', 'transitivity'])",4,True,0.0994,0.0,0.4858
ego-twitter,edge,-1,"(['avg_clustering', 'avg_deg', 'avg_shortest_path_len'], ['deg_assortativity_coef', 'diameter', 'n_nodes', 'radius', 'transitivity'])",5,True,0.0295,0.0,0.3721
ego-twitter,grum,-1,"(['avg_clustering', 'avg_deg', 'avg_shortest_path_len'], ['deg_assortativity_coef', 'diameter', 'n_nodes', 'radius', 'transitivity'])",5,True,0.0,0.0,0.5874
ego-twitter,edge,-1,"(['avg_clustering', 'avg_deg', 'avg_shortest_path_len', 'deg_assortativity_coef'], ['diameter', 'n_nodes', 'radius', 'transitivity'])",1,True,0.0,0.0,0.146
ego-twitter,grum,-1,"(['avg_clustering', 'avg_deg', 'avg_shortest_path_len', 'deg_assortativity_coef'], ['diameter', 'n_nodes', 'radius', 'transitivity'])",1,True,0.0,0.0,0.0656
ego-twitter,edge,-1,"(['avg_clustering', 'avg_deg', 'avg_shortest_path_len', 'deg_assortativity_coef'], ['diameter', 'n_nodes', 'radius', 'transitivity'])",2,True,0.0632,0.0,0.2153
ego-twitter,grum,-1,"(['avg_clustering', 'avg_deg', 'avg_shortest_path_len', 'deg_assortativity_coef'], ['diameter', 'n_nodes', 'radius', 'transitivity'])",2,True,0.059,0.0,0.2446
ego-twitter,edge,-1,"(['avg_clustering', 'avg_deg', 'avg_shortest_path_len', 'deg_assortativity_coef'], ['diameter', 'n_nodes', 'radius', 'transitivity'])",3,True,0.1446,0.0,0.3257
ego-twitter,grum,-1,"(['avg_clustering', 'avg_deg', 'avg_shortest_path_len', 'deg_assortativity_coef'], ['diameter', 'n_nodes', 'radius', 'transitivity'])",3,True,0.0651,0.0,0.3106
ego-twitter,edge,-1,"(['avg_clustering', 'avg_deg', 'avg_shortest_path_len', 'deg_assortativity_coef'], ['diameter', 'n_nodes', 'radius', 'transitivity'])",4,True,0.1746,0.0,0.3796
ego-twitter,grum,-1,"(['avg_clustering', 'avg_deg', 'avg_shortest_path_len', 'deg_assortativity_coef'], ['diameter', 'n_nodes', 'radius', 'transitivity'])",4,True,0.0548,0.0,0.3609
ego-twitter,edge,-1,"(['avg_clustering', 'avg_deg', 'avg_shortest_path_len', 'deg_assortativity_coef'], ['diameter', 'n_nodes', 'radius', 'transitivity'])",5,True,0.0726,0.0,0.375
ego-twitter,grum,-1,"(['avg_clustering', 'avg_deg', 'avg_shortest_path_len', 'deg_assortativity_coef'], ['diameter', 'n_nodes', 'radius', 'transitivity'])",5,True,0.0994,0.0,0.4858
ego-twitter,edge,-1,"(['avg_clustering', 'avg_deg', 'avg_shortest_path_len', 'deg_assortativity_coef', 'diameter'], ['n_nodes', 'radius', 'transitivity'])",1,True,0.0,0.0,0.132
ego-twitter,grum,-1,"(['avg_clustering', 'avg_deg', 'avg_shortest_path_len', 'deg_assortativity_coef', 'diameter'], ['n_nodes', 'radius', 'transitivity'])",1,True,0.0,0.0,0.0656
ego-twitter,edge,-1,"(['avg_clustering', 'avg_deg', 'avg_shortest_path_len', 'deg_assortativity_coef', 'diameter'], ['n_nodes', 'radius', 'transitivity'])",2,True,0.0768,0.0,0.229
ego-twitter,grum,-1,"(['avg_clustering', 'avg_deg', 'avg_shortest_path_len', 'deg_assortativity_coef', 'diameter'], ['n_nodes', 'radius', 'transitivity'])",2,True,0.059,0.0,0.2446
ego-twitter,edge,-1,"(['avg_clustering', 'avg_deg', 'avg_shortest_path_len', 'deg_assortativity_coef', 'diameter'], ['n_nodes', 'radius', 'transitivity'])",3,True,0.1312,0.0,0.2836
ego-twitter,grum,-1,"(['avg_clustering', 'avg_deg', 'avg_shortest_path_len', 'deg_assortativity_coef', 'diameter'], ['n_nodes', 'radius', 'transitivity'])",3,True,0.0651,0.0,0.3106
ego-twitter,edge,-1,"(['avg_clustering', 'avg_deg', 'avg_shortest_path_len', 'deg_assortativity_coef', 'diameter'], ['n_nodes', 'radius', 'transitivity'])",4,True,0.1127,0.0,0.3516
ego-twitter,grum,-1,"(['avg_clustering', 'avg_deg', 'avg_shortest_path_len', 'deg_assortativity_coef', 'diameter'], ['n_nodes', 'radius', 'transitivity'])",4,True,0.0548,0.0,0.3609
ego-twitter,edge,-1,"(['avg_clustering', 'avg_deg', 'avg_shortest_path_len', 'deg_assortativity_coef', 'diameter'], ['n_nodes', 'radius', 'transitivity'])",5,True,0.0,0.0,0.4107
ego-twitter,grum,-1,"(['avg_clustering', 'avg_deg', 'avg_shortest_path_len', 'deg_assortativity_coef', 'diameter'], ['n_nodes', 'radius', 'transitivity'])",5,True,0.0994,0.0,0.4858
ego-twitter,edge,-1,"(['avg_clustering', 'avg_deg', 'avg_shortest_path_len', 'deg_assortativity_coef', 'diameter', 'n_nodes'], ['radius', 'transitivity'])",1,True,0.0,0.0,0.1072
ego-twitter,grum,-1,"(['avg_clustering', 'avg_deg', 'avg_shortest_path_len', 'deg_assortativity_coef', 'diameter', 'n_nodes'], ['radius', 'transitivity'])",1,True,0.0,0.0,0.0473
ego-twitter,edge,-1,"(['avg_clustering', 'avg_deg', 'avg_shortest_path_len', 'deg_assortativity_coef', 'diameter', 'n_nodes'], ['radius', 'transitivity'])",2,True,0.0,0.0,0.1542
ego-twitter,grum,-1,"(['avg_clustering', 'avg_deg', 'avg_shortest_path_len', 'deg_assortativity_coef', 'diameter', 'n_nodes'], ['radius', 'transitivity'])",2,True,0.0,0.0,0.0894
ego-twitter,edge,-1,"(['avg_clustering', 'avg_deg', 'avg_shortest_path_len', 'deg_assortativity_coef', 'diameter', 'n_nodes'], ['radius', 'transitivity'])",3,True,0.0,0.0,0.2422
ego-twitter,grum,-1,"(['avg_clustering', 'avg_deg', 'avg_shortest_path_len', 'deg_assortativity_coef', 'diameter', 'n_nodes'], ['radius', 'transitivity'])",3,True,0.0016,0.0,0.2556
ego-twitter,edge,-1,"(['avg_clustering', 'avg_deg', 'avg_shortest_path_len', 'deg_assortativity_coef', 'diameter', 'n_nodes'], ['radius', 'transitivity'])",4,True,0.0677,0.0,0.4009
ego-twitter,grum,-1,"(['avg_clustering', 'avg_deg', 'avg_shortest_path_len', 'deg_assortativity_coef', 'diameter', 'n_nodes'], ['radius', 'transitivity'])",4,True,0.0548,0.0,0.3609
ego-twitter,edge,-1,"(['avg_clustering', 'avg_deg', 'avg_shortest_path_len', 'deg_assortativity_coef', 'diameter', 'n_nodes'], ['radius', 'transitivity'])",5,True,0.1214,0.0,0.5007
ego-twitter,grum,-1,"(['avg_clustering', 'avg_deg', 'avg_shortest_path_len', 'deg_assortativity_coef', 'diameter', 'n_nodes'], ['radius', 'transitivity'])",5,True,0.2458,0.0,0.5589
elliptic,edge,-1,"(['avg_clustering'], ['avg_deg', 'avg_shortest_path_len', 'deg_assortativity_coef', 'diameter', 'n_nodes', 'radius', 'transitivity'])",1,False,0.0,0.0,0.0771
elliptic,edge,-1,"(['avg_clustering'], ['avg_deg', 'avg_shortest_path_len', 'deg_assortativity_coef', 'diameter', 'n_nodes', 'radius', 'transitivity'])",2,True,0.0,0.0,0.167
elliptic,edge,-1,"(['avg_clustering'], ['avg_deg', 'avg_shortest_path_len', 'deg_assortativity_coef', 'diameter', 'n_nodes', 'radius', 'transitivity'])",3,False,0.0,0.0,0.1964
elliptic,edge,-1,"(['avg_clustering'], ['avg_deg', 'avg_shortest_path_len', 'deg_assortativity_coef', 'diameter', 'n_nodes', 'radius', 'transitivity'])",4,False,0.0261,0.0,0.3114
elliptic,edge,-1,"(['avg_clustering'], ['avg_deg', 'avg_shortest_path_len', 'deg_assortativity_coef', 'diameter', 'n_nodes', 'radius', 'transitivity'])",5,True,0.0,0.0,0.3083
elliptic,edge,-1,"(['avg_clustering', 'avg_deg'], ['avg_shortest_path_len', 'deg_assortativity_coef', 'diameter', 'n_nodes', 'radius', 'transitivity'])",1,False,0.0,0.0,0.0771
elliptic,edge,-1,"(['avg_clustering', 'avg_deg'], ['avg_shortest_path_len', 'deg_assortativity_coef', 'diameter', 'n_nodes', 'radius', 'transitivity'])",2,True,0.0,0.0,0.1191
elliptic,edge,-1,"(['avg_clustering', 'avg_deg'], ['avg_shortest_path_len', 'deg_assortativity_coef', 'diameter', 'n_nodes', 'radius', 'transitivity'])",3,False,0.0,0.0,0.1747
elliptic,edge,-1,"(['avg_clustering', 'avg_deg'], ['avg_shortest_path_len', 'deg_assortativity_coef', 'diameter', 'n_nodes', 'radius', 'transitivity'])",4,False,0.0,0.0,0.2023
elliptic,edge,-1,"(['avg_clustering', 'avg_deg'], ['avg_shortest_path_len', 'deg_assortativity_coef', 'diameter', 'n_nodes', 'radius', 'transitivity'])",5,False,0.0,0.0,0.2298
elliptic,edge,-1,"(['avg_clustering', 'avg_deg', 'avg_shortest_path_len'], ['deg_assortativity_coef', 'diameter', 'n_nodes', 'radius', 'transitivity'])",1,True,0.0,0.0,0.1074
elliptic,edge,-1,"(['avg_clustering', 'avg_deg', 'avg_shortest_path_len'], ['deg_assortativity_coef', 'diameter', 'n_nodes', 'radius', 'transitivity'])",2,False,0.0,0.0,0.1074
elliptic,edge,-1,"(['avg_clustering', 'avg_deg', 'avg_shortest_path_len'], ['deg_assortativity_coef', 'diameter', 'n_nodes', 'radius', 'transitivity'])",3,False,0.0,0.0,0.1374
elliptic,edge,-1,"(['avg_clustering', 'avg_deg', 'avg_shortest_path_len'], ['deg_assortativity_coef', 'diameter', 'n_nodes', 'radius', 'transitivity'])",4,True,0.0,0.0,0.1964
elliptic,edge,-1,"(['avg_clustering', 'avg_deg', 'avg_shortest_path_len'], ['deg_assortativity_coef', 'diameter', 'n_nodes', 'radius', 'transitivity'])",5,False,0.0,0.0,0.2298
elliptic,edge,-1,"(['avg_clustering', 'avg_deg', 'avg_shortest_path_len', 'deg_assortativity_coef'], ['diameter', 'n_nodes', 'radius', 'transitivity'])",1,False,0.0,0.0,0.0911
elliptic,edge,-1,"(['avg_clustering', 'avg_deg', 'avg_shortest_path_len', 'deg_assortativity_coef'], ['diameter', 'n_nodes', 'radius', 'transitivity'])",2,False,0.0,0.0,0.147
elliptic,edge,-1,"(['avg_clustering', 'avg_deg', 'avg_shortest_path_len', 'deg_assortativity_coef'], ['diameter', 'n_nodes', 'radius', 'transitivity'])",3,True,0.0,0.0,0.1747
elliptic,edge,-1,"(['avg_clustering', 'avg_deg', 'avg_shortest_path_len', 'deg_assortativity_coef'], ['diameter', 'n_nodes', 'radius', 'transitivity'])",4,False,0.0,0.0,0.1747
elliptic,edge,-1,"(['avg_clustering', 'avg_deg', 'avg_shortest_path_len', 'deg_assortativity_coef'], ['diameter', 'n_nodes', 'radius', 'transitivity'])",5,False,0.0,0.0,0.2023
elliptic,edge,-1,"(['avg_clustering', 'avg_deg', 'avg_shortest_path_len', 'deg_assortativity_coef', 'diameter'], ['n_nodes', 'radius', 'transitivity'])",1,False,0.0,0.0,0.0771
elliptic,edge,-1,"(['avg_clustering', 'avg_deg', 'avg_shortest_path_len', 'deg_assortativity_coef', 'diameter'], ['n_nodes', 'radius', 'transitivity'])",2,True,0.0,0.0,0.167
elliptic,edge,-1,"(['avg_clustering', 'avg_deg', 'avg_shortest_path_len', 'deg_assortativity_coef', 'diameter'], ['n_nodes', 'radius', 'transitivity'])",3,False,0.0,0.0,0.1747
elliptic,edge,-1,"(['avg_clustering', 'avg_deg', 'avg_shortest_path_len', 'deg_assortativity_coef', 'diameter'], ['n_nodes', 'radius', 'transitivity'])",4,False,0.0,0.0,0.1747
elliptic,edge,-1,"(['avg_clustering', 'avg_deg', 'avg_shortest_path_len', 'deg_assortativity_coef', 'diameter'], ['n_nodes', 'radius', 'transitivity'])",5,False,0.0,0.0,0.2023
elliptic,edge,-1,"(['avg_clustering', 'avg_deg', 'avg_shortest_path_len', 'deg_assortativity_coef', 'diameter', 'n_nodes'], ['radius', 'transitivity'])",1,False,0.0,0.0,0.1191
elliptic,edge,-1,"(['avg_clustering', 'avg_deg', 'avg_shortest_path_len', 'deg_assortativity_coef', 'diameter', 'n_nodes'], ['radius', 'transitivity'])",2,False,0.0,0.0,0.1453
elliptic,edge,-1,"(['avg_clustering', 'avg_deg', 'avg_shortest_path_len', 'deg_assortativity_coef', 'diameter', 'n_nodes'], ['radius', 'transitivity'])",3,True,0.0,0.0,0.2052
elliptic,edge,-1,"(['avg_clustering', 'avg_deg', 'avg_shortest_path_len', 'deg_assortativity_coef', 'diameter', 'n_nodes'], ['radius', 'transitivity'])",4,True,0.0,0.0,0.3314
elliptic,edge,-1,"(['avg_clustering', 'avg_deg', 'avg_shortest_path_len', 'deg_assortativity_coef', 'diameter', 'n_nodes'], ['radius', 'transitivity'])",5,True,0.0,0.0,0.5855
ego-facebook,spectre,-1,"(['avg_clustering'], ['avg_deg', 'avg_shortest_path_len', 'deg_assortativity_coef', 'diameter', 'n_nodes', 'radius', 'transitivity'])",1,False,0.0,0.0,0.4093
ego-facebook,spectre,-1,"(['avg_clustering'], ['avg_deg', 'avg_shortest_path_len', 'deg_assortativity_coef', 'diameter', 'n_nodes', 'radius', 'transitivity'])",2,True,0.3809,0.0,0.8951
ego-facebook,spectre,-1,"(['avg_clustering'], ['avg_deg', 'avg_shortest_path_len', 'deg_assortativity_coef', 'diameter', 'n_nodes', 'radius', 'transitivity'])",3,True,0.3809,0.0,0.8951
ego-facebook,spectre,-1,"(['avg_clustering'], ['avg_deg', 'avg_shortest_path_len', 'deg_assortativity_coef', 'diameter', 'n_nodes', 'radius', 'transitivity'])",4,True,0.3809,0.0,0.8951
ego-facebook,spectre,-1,"(['avg_clustering'], ['avg_deg', 'avg_shortest_path_len', 'deg_assortativity_coef', 'diameter', 'n_nodes', 'radius', 'transitivity'])",5,True,0.5067,0.0506,0.9628
ego-facebook,spectre,-1,"(['avg_clustering', 'avg_deg'], ['avg_shortest_path_len', 'deg_assortativity_coef', 'diameter', 'n_nodes', 'radius', 'transitivity'])",1,False,0.0,0.0,0.4093
ego-facebook,spectre,-1,"(['avg_clustering', 'avg_deg'], ['avg_shortest_path_len', 'deg_assortativity_coef', 'diameter', 'n_nodes', 'radius', 'transitivity'])",2,True,0.2551,0.0,0.8147
ego-facebook,spectre,-1,"(['avg_clustering', 'avg_deg'], ['avg_shortest_path_len', 'deg_assortativity_coef', 'diameter', 'n_nodes', 'radius', 'transitivity'])",3,True,0.2551,0.0,0.8147
ego-facebook,spectre,-1,"(['avg_clustering', 'avg_deg'], ['avg_shortest_path_len', 'deg_assortativity_coef', 'diameter', 'n_nodes', 'radius', 'transitivity'])",4,True,0.3809,0.0,0.8951
ego-facebook,spectre,-1,"(['avg_clustering', 'avg_deg'], ['avg_shortest_path_len', 'deg_assortativity_coef', 'diameter', 'n_nodes', 'radius', 'transitivity'])",5,True,0.3809,0.0,0.8951
ego-facebook,spectre,-1,"(['avg_clustering', 'avg_deg', 'avg_shortest_path_len'], ['deg_assortativity_coef', 'diameter', 'n_nodes', 'radius', 'transitivity'])",1,False,0.0,0.0,0.4093
ego-facebook,spectre,-1,"(['avg_clustering', 'avg_deg', 'avg_shortest_path_len'], ['deg_assortativity_coef', 'diameter', 'n_nodes', 'radius', 'transitivity'])",2,True,0.3809,0.0,0.8951
ego-facebook,spectre,-1,"(['avg_clustering', 'avg_deg', 'avg_shortest_path_len'], ['deg_assortativity_coef', 'diameter', 'n_nodes', 'radius', 'transitivity'])",3,True,0.3809,0.0,0.8951
ego-facebook,spectre,-1,"(['avg_clustering', 'avg_deg', 'avg_shortest_path_len'], ['deg_assortativity_coef', 'diameter', 'n_nodes', 'radius', 'transitivity'])",4,True,0.3809,0.0,0.8951
ego-facebook,spectre,-1,"(['avg_clustering', 'avg_deg', 'avg_shortest_path_len'], ['deg_assortativity_coef', 'diameter', 'n_nodes', 'radius', 'transitivity'])",5,True,0.5067,0.0506,0.9628
ego-facebook,spectre,-1,"(['avg_clustering', 'avg_deg', 'avg_shortest_path_len', 'deg_assortativity_coef'], ['diameter', 'n_nodes', 'radius', 'transitivity'])",1,False,0.0,0.0,0.4093
ego-facebook,spectre,-1,"(['avg_clustering', 'avg_deg', 'avg_shortest_path_len', 'deg_assortativity_coef'], ['diameter', 'n_nodes', 'radius', 'transitivity'])",2,True,0.1689,0.0,1.0
ego-facebook,spectre,-1,"(['avg_clustering', 'avg_deg', 'avg_shortest_path_len', 'deg_assortativity_coef'], ['diameter', 'n_nodes', 'radius', 'transitivity'])",3,True,0.1689,0.0,1.0
ego-facebook,spectre,-1,"(['avg_clustering', 'avg_deg', 'avg_shortest_path_len', 'deg_assortativity_coef'], ['diameter', 'n_nodes', 'radius', 'transitivity'])",4,True,0.3378,0.0,1.0
ego-facebook,spectre,-1,"(['avg_clustering', 'avg_deg', 'avg_shortest_path_len', 'deg_assortativity_coef'], ['diameter', 'n_nodes', 'radius', 'transitivity'])",5,True,0.5067,0.0,1.0
ego-facebook,spectre,-1,"(['avg_clustering', 'avg_deg', 'avg_shortest_path_len', 'deg_assortativity_coef', 'diameter'], ['n_nodes', 'radius', 'transitivity'])",1,False,0.0,0.0,0.7214
ego-facebook,spectre,-1,"(['avg_clustering', 'avg_deg', 'avg_shortest_path_len', 'deg_assortativity_coef', 'diameter'], ['n_nodes', 'radius', 'transitivity'])",2,True,0.1689,0.0,1.0
ego-facebook,spectre,-1,"(['avg_clustering', 'avg_deg', 'avg_shortest_path_len', 'deg_assortativity_coef', 'diameter'], ['n_nodes', 'radius', 'transitivity'])",3,True,0.1689,0.0,1.0
ego-facebook,spectre,-1,"(['avg_clustering', 'avg_deg', 'avg_shortest_path_len', 'deg_assortativity_coef', 'diameter'], ['n_nodes', 'radius', 'transitivity'])",4,True,0.5067,0.0,1.0
ego-facebook,spectre,-1,"(['avg_clustering', 'avg_deg', 'avg_shortest_path_len', 'deg_assortativity_coef', 'diameter'], ['n_nodes', 'radius', 'transitivity'])",5,True,0.6756,0.2579,1.0
ego-facebook,spectre,-1,"(['avg_clustering', 'avg_deg', 'avg_shortest_path_len', 'deg_assortativity_coef', 'diameter', 'n_nodes'], ['radius', 'transitivity'])",1,False,0.0,0.0,0.7214
ego-facebook,spectre,-1,"(['avg_clustering', 'avg_deg', 'avg_shortest_path_len', 'deg_assortativity_coef', 'diameter', 'n_nodes'], ['radius', 'transitivity'])",2,True,0.1689,0.0,1.0
ego-facebook,spectre,-1,"(['avg_clustering', 'avg_deg', 'avg_shortest_path_len', 'deg_assortativity_coef', 'diameter', 'n_nodes'], ['radius', 'transitivity'])",3,True,0.1689,0.0,1.0
ego-facebook,spectre,-1,"(['avg_clustering', 'avg_deg', 'avg_shortest_path_len', 'deg_assortativity_coef', 'diameter', 'n_nodes'], ['radius', 'transitivity'])",4,True,0.5067,0.0,1.0
ego-facebook,spectre,-1,"(['avg_clustering', 'avg_deg', 'avg_shortest_path_len', 'deg_assortativity_coef', 'diameter', 'n_nodes'], ['radius', 'transitivity'])",5,True,0.6756,0.2579,1.0
ego-twitter,spectre,-1,"(['avg_clustering'], ['avg_deg', 'avg_shortest_path_len', 'deg_assortativity_coef', 'diameter', 'n_nodes', 'radius', 'transitivity'])",1,False,0.0,0.0,0.0489
ego-twitter,spectre,-1,"(['avg_clustering'], ['avg_deg', 'avg_shortest_path_len', 'deg_assortativity_coef', 'diameter', 'n_nodes', 'radius', 'transitivity'])",2,False,0.0,0.0,0.0639
ego-twitter,spectre,-1,"(['avg_clustering'], ['avg_deg', 'avg_shortest_path_len', 'deg_assortativity_coef', 'diameter', 'n_nodes', 'radius', 'transitivity'])",3,False,0.0,0.0,0.0934
ego-twitter,spectre,-1,"(['avg_clustering'], ['avg_deg', 'avg_shortest_path_len', 'deg_assortativity_coef', 'diameter', 'n_nodes', 'radius', 'transitivity'])",4,False,0.0,0.0,0.1072
ego-twitter,spectre,-1,"(['avg_clustering'], ['avg_deg', 'avg_shortest_path_len', 'deg_assortativity_coef', 'diameter', 'n_nodes', 'radius', 'transitivity'])",5,False,0.0,0.0,0.1762
ego-twitter,spectre,-1,"(['avg_clustering', 'avg_deg'], ['avg_shortest_path_len', 'deg_assortativity_coef', 'diameter', 'n_nodes', 'radius', 'transitivity'])",1,True,0.0,0.0,0.0898
ego-twitter,spectre,-1,"(['avg_clustering', 'avg_deg'], ['avg_shortest_path_len', 'deg_assortativity_coef', 'diameter', 'n_nodes', 'radius', 'transitivity'])",2,True,0.0,0.0,0.1349
ego-twitter,spectre,-1,"(['avg_clustering', 'avg_deg'], ['avg_shortest_path_len', 'deg_assortativity_coef', 'diameter', 'n_nodes', 'radius', 'transitivity'])",3,True,0.0,0.0,0.2243
ego-twitter,spectre,-1,"(['avg_clustering', 'avg_deg'], ['avg_shortest_path_len', 'deg_assortativity_coef', 'diameter', 'n_nodes', 'radius', 'transitivity'])",4,True,0.0,0.0,0.2212
ego-twitter,spectre,-1,"(['avg_clustering', 'avg_deg'], ['avg_shortest_path_len', 'deg_assortativity_coef', 'diameter', 'n_nodes', 'radius', 'transitivity'])",5,True,0.0,0.0,0.2799
ego-twitter,spectre,-1,"(['avg_clustering', 'avg_deg', 'avg_shortest_path_len'], ['deg_assortativity_coef', 'diameter', 'n_nodes', 'radius', 'transitivity'])",1,True,0.0,0.0,0.0489
ego-twitter,spectre,-1,"(['avg_clustering', 'avg_deg', 'avg_shortest_path_len'], ['deg_assortativity_coef', 'diameter', 'n_nodes', 'radius', 'transitivity'])",2,True,0.0,0.0,0.0512
ego-twitter,spectre,-1,"(['avg_clustering', 'avg_deg', 'avg_shortest_path_len'], ['deg_assortativity_coef', 'diameter', 'n_nodes', 'radius', 'transitivity'])",3,False,0.0,0.0,0.0894
ego-twitter,spectre,-1,"(['avg_clustering', 'avg_deg', 'avg_shortest_path_len'], ['deg_assortativity_coef', 'diameter', 'n_nodes', 'radius', 'transitivity'])",4,True,0.0,0.0,0.1683
ego-twitter,spectre,-1,"(['avg_clustering', 'avg_deg', 'avg_shortest_path_len'], ['deg_assortativity_coef', 'diameter', 'n_nodes', 'radius', 'transitivity'])",5,True,0.0,0.0,0.2596
ego-twitter,spectre,-1,"(['avg_clustering', 'avg_deg', 'avg_shortest_path_len', 'deg_assortativity_coef'], ['diameter', 'n_nodes', 'radius', 'transitivity'])",1,True,0.0,0.0,0.0789
ego-twitter,spectre,-1,"(['avg_clustering', 'avg_deg', 'avg_shortest_path_len', 'deg_assortativity_coef'], ['diameter', 'n_nodes', 'radius', 'transitivity'])",2,True,0.0088,0.0,0.1599
ego-twitter,spectre,-1,"(['avg_clustering', 'avg_deg', 'avg_shortest_path_len', 'deg_assortativity_coef'], ['diameter', 'n_nodes', 'radius', 'transitivity'])",3,True,0.0,0.0,0.2143
ego-twitter,spectre,-1,"(['avg_clustering', 'avg_deg', 'avg_shortest_path_len', 'deg_assortativity_coef'], ['diameter', 'n_nodes', 'radius', 'transitivity'])",4,True,0.0,0.0,0.2596
ego-twitter,spectre,-1,"(['avg_clustering', 'avg_deg', 'avg_shortest_path_len', 'deg_assortativity_coef'], ['diameter', 'n_nodes', 'radius', 'transitivity'])",5,True,0.0,0.0,0.4398
ego-twitter,spectre,-1,"(['avg_clustering', 'avg_deg', 'avg_shortest_path_len', 'deg_assortativity_coef', 'diameter'], ['n_nodes', 'radius', 'transitivity'])",1,True,0.0,0.0,0.0937
ego-twitter,spectre,-1,"(['avg_clustering', 'avg_deg', 'avg_shortest_path_len', 'deg_assortativity_coef', 'diameter'], ['n_nodes', 'radius', 'transitivity'])",2,True,0.0224,0.0,0.1738
ego-twitter,spectre,-1,"(['avg_clustering', 'avg_deg', 'avg_shortest_path_len', 'deg_assortativity_coef', 'diameter'], ['n_nodes', 'radius', 'transitivity'])",3,True,0.0,0.0,0.2522
ego-twitter,spectre,-1,"(['avg_clustering', 'avg_deg', 'avg_shortest_path_len', 'deg_assortativity_coef', 'diameter'], ['n_nodes', 'radius', 'transitivity'])",4,True,0.0,0.0,0.3157
ego-twitter,spectre,-1,"(['avg_clustering', 'avg_deg', 'avg_shortest_path_len', 'deg_assortativity_coef', 'diameter'], ['n_nodes', 'radius', 'transitivity'])",5,True,0.0,0.0,0.5098
ego-twitter,spectre,-1,"(['avg_clustering', 'avg_deg', 'avg_shortest_path_len', 'deg_assortativity_coef', 'diameter', 'n_nodes'], ['radius', 'transitivity'])",1,True,0.0088,0.0,0.1599
ego-twitter,spectre,-1,"(['avg_clustering', 'avg_deg', 'avg_shortest_path_len', 'deg_assortativity_coef', 'diameter', 'n_nodes'], ['radius', 'transitivity'])",2,True,0.0,0.0,0.2005
ego-twitter,spectre,-1,"(['avg_clustering', 'avg_deg', 'avg_shortest_path_len', 'deg_assortativity_coef', 'diameter', 'n_nodes'], ['radius', 'transitivity'])",3,True,0.0,0.0,0.2192
ego-twitter,spectre,-1,"(['avg_clustering', 'avg_deg', 'avg_shortest_path_len', 'deg_assortativity_coef', 'diameter', 'n_nodes'], ['radius', 'transitivity'])",4,True,0.0,0.0,0.3202
ego-twitter,spectre,-1,"(['avg_clustering', 'avg_deg', 'avg_shortest_path_len', 'deg_assortativity_coef', 'diameter', 'n_nodes'], ['radius', 'transitivity'])",5,True,0.0774,0.0,0.4708
ego-twitter,gran,-1,"(['avg_clustering'], ['avg_deg', 'avg_shortest_path_len', 'deg_assortativity_coef', 'diameter', 'n_nodes', 'radius', 'transitivity'])",1,False,0.0,0.0,0.0615
ego-twitter,gran,-1,"(['avg_clustering'], ['avg_deg', 'avg_shortest_path_len', 'deg_assortativity_coef', 'diameter', 'n_nodes', 'radius', 'transitivity'])",2,True,0.0,0.0,0.1756
ego-twitter,gran,-1,"(['avg_clustering'], ['avg_deg', 'avg_shortest_path_len', 'deg_assortativity_coef', 'diameter', 'n_nodes', 'radius', 'transitivity'])",3,True,0.0333,0.0,0.2831
ego-twitter,gran,-1,"(['avg_clustering'], ['avg_deg', 'avg_shortest_path_len', 'deg_assortativity_coef', 'diameter', 'n_nodes', 'radius', 'transitivity'])",4,True,0.1058,0.0,0.4296
ego-twitter,gran,-1,"(['avg_clustering'], ['avg_deg', 'avg_shortest_path_len', 'deg_assortativity_coef', 'diameter', 'n_nodes', 'radius', 'transitivity'])",5,True,0.0647,0.0,0.5337
ego-twitter,gran,-1,"(['avg_clustering', 'avg_deg'], ['avg_shortest_path_len', 'deg_assortativity_coef', 'diameter', 'n_nodes', 'radius', 'transitivity'])",1,True,0.0,0.0,0.0937
ego-twitter,gran,-1,"(['avg_clustering', 'avg_deg'], ['avg_shortest_path_len', 'deg_assortativity_coef', 'diameter', 'n_nodes', 'radius', 'transitivity'])",2,True,0.0,0.0,0.1451
ego-twitter,gran,-1,"(['avg_clustering', 'avg_deg'], ['avg_shortest_path_len', 'deg_assortativity_coef', 'diameter', 'n_nodes', 'radius', 'transitivity'])",3,True,0.0,0.0,0.3289
ego-twitter,gran,-1,"(['avg_clustering', 'avg_deg'], ['avg_shortest_path_len', 'deg_assortativity_coef', 'diameter', 'n_nodes', 'radius', 'transitivity'])",4,True,0.0,0.0,0.4072
ego-twitter,gran,-1,"(['avg_clustering', 'avg_deg'], ['avg_shortest_path_len', 'deg_assortativity_coef', 'diameter', 'n_nodes', 'radius', 'transitivity'])",5,True,0.0,0.0,0.543
ego-twitter,gran,-1,"(['avg_clustering', 'avg_deg', 'avg_shortest_path_len'], ['deg_assortativity_coef', 'diameter', 'n_nodes', 'radius', 'transitivity'])",1,True,0.0,0.0,0.0639
ego-twitter,gran,-1,"(['avg_clustering', 'avg_deg', 'avg_shortest_path_len'], ['deg_assortativity_coef', 'diameter', 'n_nodes', 'radius', 'transitivity'])",2,True,0.0281,0.0,0.1377
ego-twitter,gran,-1,"(['avg_clustering', 'avg_deg', 'avg_shortest_path_len'], ['deg_assortativity_coef', 'diameter', 'n_nodes', 'radius', 'transitivity'])",3,True,0.0544,0.0,0.2714
ego-twitter,gran,-1,"(['avg_clustering', 'avg_deg', 'avg_shortest_path_len'], ['deg_assortativity_coef', 'diameter', 'n_nodes', 'radius', 'transitivity'])",4,True,0.0295,0.0,0.3721
ego-twitter,gran,-1,"(['avg_clustering', 'avg_deg', 'avg_shortest_path_len'], ['deg_assortativity_coef', 'diameter', 'n_nodes', 'radius', 'transitivity'])",5,True,0.0,0.0,0.4389
ego-twitter,gran,-1,"(['avg_clustering', 'avg_deg', 'avg_shortest_path_len', 'deg_assortativity_coef'], ['diameter', 'n_nodes', 'radius', 'transitivity'])",1,False,0.0,0.0,0.0489
ego-twitter,gran,-1,"(['avg_clustering', 'avg_deg', 'avg_shortest_path_len', 'deg_assortativity_coef'], ['diameter', 'n_nodes', 'radius', 'transitivity'])",2,True,0.0088,0.0,0.1599
ego-twitter,gran,-1,"(['avg_clustering', 'avg_deg', 'avg_shortest_path_len', 'deg_assortativity_coef'], ['diameter', 'n_nodes', 'radius', 'transitivity'])",3,True,0.0,0.0,0.2419
ego-twitter,gran,-1,"(['avg_clustering', 'avg_deg', 'avg_shortest_path_len', 'deg_assortativity_coef'], ['diameter', 'n_nodes', 'radius', 'transitivity'])",4,True,0.0,0.0,0.2712
ego-twitter,gran,-1,"(['avg_clustering', 'avg_deg', 'avg_shortest_path_len', 'deg_assortativity_coef'], ['diameter', 'n_nodes', 'radius', 'transitivity'])",5,True,0.0,0.0,0.3909
ego-twitter,gran,-1,"(['avg_clustering', 'avg_deg', 'avg_shortest_path_len', 'deg_assortativity_coef', 'diameter'], ['n_nodes', 'radius', 'transitivity'])",1,True,0.0,0.0,0.0639
ego-twitter,gran,-1,"(['avg_clustering', 'avg_deg', 'avg_shortest_path_len', 'deg_assortativity_coef', 'diameter'], ['n_nodes', 'radius', 'transitivity'])",2,True,0.0632,0.0,0.2153
ego-twitter,gran,-1,"(['avg_clustering', 'avg_deg', 'avg_shortest_path_len', 'deg_assortativity_coef', 'diameter'], ['n_nodes', 'radius', 'transitivity'])",3,True,0.0651,0.0,0.3106
ego-twitter,gran,-1,"(['avg_clustering', 'avg_deg', 'avg_shortest_path_len', 'deg_assortativity_coef', 'diameter'], ['n_nodes', 'radius', 'transitivity'])",4,True,0.0,0.0,0.3247
ego-twitter,gran,-1,"(['avg_clustering', 'avg_deg', 'avg_shortest_path_len', 'deg_assortativity_coef', 'diameter'], ['n_nodes', 'radius', 'transitivity'])",5,True,0.0,0.0,0.4235
ego-twitter,gran,-1,"(['avg_clustering', 'avg_deg', 'avg_shortest_path_len', 'deg_assortativity_coef', 'diameter', 'n_nodes'], ['radius', 'transitivity'])",1,True,0.0022,0.0,0.1084
ego-twitter,gran,-1,"(['avg_clustering', 'avg_deg', 'avg_shortest_path_len', 'deg_assortativity_coef', 'diameter', 'n_nodes'], ['radius', 'transitivity'])",2,True,0.0,0.0,0.1987
ego-twitter,gran,-1,"(['avg_clustering', 'avg_deg', 'avg_shortest_path_len', 'deg_assortativity_coef', 'diameter', 'n_nodes'], ['radius', 'transitivity'])",3,True,0.0,0.0,0.3746
ego-twitter,gran,-1,"(['avg_clustering', 'avg_deg', 'avg_shortest_path_len', 'deg_assortativity_coef', 'diameter', 'n_nodes'], ['radius', 'transitivity'])",4,True,0.1137,0.0,0.6015
ego-twitter,gran,-1,"(['avg_clustering', 'avg_deg', 'avg_shortest_path_len', 'deg_assortativity_coef', 'diameter', 'n_nodes'], ['radius', 'transitivity'])",5,True,0.5723,0.2921,0.8525
elliptic,gran,-1,"(['avg_clustering'], ['avg_deg', 'avg_shortest_path_len', 'deg_assortativity_coef', 'diameter', 'n_nodes', 'radius', 'transitivity'])",1,True,0.0,0.0,0.1744
elliptic,gran,-1,"(['avg_clustering'], ['avg_deg', 'avg_shortest_path_len', 'deg_assortativity_coef', 'diameter', 'n_nodes', 'radius', 'transitivity'])",2,True,0.0,0.0,0.3298
elliptic,gran,-1,"(['avg_clustering'], ['avg_deg', 'avg_shortest_path_len', 'deg_assortativity_coef', 'diameter', 'n_nodes', 'radius', 'transitivity'])",3,True,0.0,0.0,0.5345
elliptic,gran,-1,"(['avg_clustering'], ['avg_deg', 'avg_shortest_path_len', 'deg_assortativity_coef', 'diameter', 'n_nodes', 'radius', 'transitivity'])",4,True,0.0,0.0,0.719
elliptic,gran,-1,"(['avg_clustering'], ['avg_deg', 'avg_shortest_path_len', 'deg_assortativity_coef', 'diameter', 'n_nodes', 'radius', 'transitivity'])",5,True,0.0,0.0,0.8939
elliptic,gran,-1,"(['avg_clustering', 'avg_deg'], ['avg_shortest_path_len', 'deg_assortativity_coef', 'diameter', 'n_nodes', 'radius', 'transitivity'])",1,True,0.0,0.0,0.1204
elliptic,gran,-1,"(['avg_clustering', 'avg_deg'], ['avg_shortest_path_len', 'deg_assortativity_coef', 'diameter', 'n_nodes', 'radius', 'transitivity'])",2,True,0.0,0.0,0.2575
elliptic,gran,-1,"(['avg_clustering', 'avg_deg'], ['avg_shortest_path_len', 'deg_assortativity_coef', 'diameter', 'n_nodes', 'radius', 'transitivity'])",3,True,0.0,0.0,0.5345
elliptic,gran,-1,"(['avg_clustering', 'avg_deg'], ['avg_shortest_path_len', 'deg_assortativity_coef', 'diameter', 'n_nodes', 'radius', 'transitivity'])",4,True,0.0,0.0,0.7528
elliptic,gran,-1,"(['avg_clustering', 'avg_deg'], ['avg_shortest_path_len', 'deg_assortativity_coef', 'diameter', 'n_nodes', 'radius', 'transitivity'])",5,True,0.0,0.0,1.0
elliptic,gran,-1,"(['avg_clustering', 'avg_deg', 'avg_shortest_path_len'], ['deg_assortativity_coef', 'diameter', 'n_nodes', 'radius', 'transitivity'])",1,False,0.0,0.0,0.1074
elliptic,gran,-1,"(['avg_clustering', 'avg_deg', 'avg_shortest_path_len'], ['deg_assortativity_coef', 'diameter', 'n_nodes', 'radius', 'transitivity'])",2,True,0.0,0.0,0.2782
elliptic,gran,-1,"(['avg_clustering', 'avg_deg', 'avg_shortest_path_len'], ['deg_assortativity_coef', 'diameter', 'n_nodes', 'radius', 'transitivity'])",3,True,0.1337,0.0,0.5387
elliptic,gran,-1,"(['avg_clustering', 'avg_deg', 'avg_shortest_path_len'], ['deg_assortativity_coef', 'diameter', 'n_nodes', 'radius', 'transitivity'])",4,True,0.0,0.0,0.6593
elliptic,gran,-1,"(['avg_clustering', 'avg_deg', 'avg_shortest_path_len'], ['deg_assortativity_coef', 'diameter', 'n_nodes', 'radius', 'transitivity'])",5,True,0.0,0.0,0.8939
elliptic,gran,-1,"(['avg_clustering', 'avg_deg', 'avg_shortest_path_len', 'deg_assortativity_coef'], ['diameter', 'n_nodes', 'radius', 'transitivity'])",1,True,0.0,0.0,0.167
elliptic,gran,-1,"(['avg_clustering', 'avg_deg', 'avg_shortest_path_len', 'deg_assortativity_coef'], ['diameter', 'n_nodes', 'radius', 'transitivity'])",2,True,0.0,0.0,0.1964
elliptic,gran,-1,"(['avg_clustering', 'avg_deg', 'avg_shortest_path_len', 'deg_assortativity_coef'], ['diameter', 'n_nodes', 'radius', 'transitivity'])",3,True,0.0556,0.0,0.3384
elliptic,gran,-1,"(['avg_clustering', 'avg_deg', 'avg_shortest_path_len', 'deg_assortativity_coef'], ['diameter', 'n_nodes', 'radius', 'transitivity'])",4,True,0.1148,0.0,0.3918
elliptic,gran,-1,"(['avg_clustering', 'avg_deg', 'avg_shortest_path_len', 'deg_assortativity_coef'], ['diameter', 'n_nodes', 'radius', 'transitivity'])",5,True,0.2923,0.0364,0.5482
elliptic,gran,-1,"(['avg_clustering', 'avg_deg', 'avg_shortest_path_len', 'deg_assortativity_coef', 'diameter'], ['n_nodes', 'radius', 'transitivity'])",1,True,0.0,0.0,0.167
elliptic,gran,-1,"(['avg_clustering', 'avg_deg', 'avg_shortest_path_len', 'deg_assortativity_coef', 'diameter'], ['n_nodes', 'radius', 'transitivity'])",2,True,0.0,0.0,0.1964
elliptic,gran,-1,"(['avg_clustering', 'avg_deg', 'avg_shortest_path_len', 'deg_assortativity_coef', 'diameter'], ['n_nodes', 'radius', 'transitivity'])",3,True,0.0556,0.0,0.3384
elliptic,gran,-1,"(['avg_clustering', 'avg_deg', 'avg_shortest_path_len', 'deg_assortativity_coef', 'diameter'], ['n_nodes', 'radius', 'transitivity'])",4,False,0.1444,0.0,0.4183
elliptic,gran,-1,"(['avg_clustering', 'avg_deg', 'avg_shortest_path_len', 'deg_assortativity_coef', 'diameter'], ['n_nodes', 'radius', 'transitivity'])",5,False,0.2627,0.0029,0.5226
elliptic,gran,-1,"(['avg_clustering', 'avg_deg', 'avg_shortest_path_len', 'deg_assortativity_coef', 'diameter', 'n_nodes'], ['radius', 'transitivity'])",1,False,0.0,0.0,0.1191
elliptic,gran,-1,"(['avg_clustering', 'avg_deg', 'avg_shortest_path_len', 'deg_assortativity_coef', 'diameter', 'n_nodes'], ['radius', 'transitivity'])",2,False,0.0,0.0,0.1744
elliptic,gran,-1,"(['avg_clustering', 'avg_deg', 'avg_shortest_path_len', 'deg_assortativity_coef', 'diameter', 'n_nodes'], ['radius', 'transitivity'])",3,True,0.0,0.0,0.2517
elliptic,gran,-1,"(['avg_clustering', 'avg_deg', 'avg_shortest_path_len', 'deg_assortativity_coef', 'diameter', 'n_nodes'], ['radius', 'transitivity'])",4,False,0.0,0.0,0.3358
elliptic,gran,-1,"(['avg_clustering', 'avg_deg', 'avg_shortest_path_len', 'deg_assortativity_coef', 'diameter', 'n_nodes'], ['radius', 'transitivity'])",5,True,0.0,0.0,0.5424
